"id","blog_content_id","no","name","content","detail","blog_category_id","user_id","status","posts_date","content_draft","detail_draft","publish_begin","publish_end","exclude_search","eye_catch","created","modified"
"1","1","1","最新情報が入ります。最新情報が入ります。最新情報が入ります。","<p>本文が入ります。本文が入ります。本文が入ります。本文が入ります。本文が入ります。本文が入ります。本文が入ります。本文が入ります。本文が入ります。<br />
<br />
本文が入ります。本文が入ります。本文が入ります。本文が入ります。本文が入ります。本文が入ります。本文が入ります。本文が入ります。本文が入ります。<br />
&nbsp;</p>","<p>詳細が入ります。詳細が入ります。詳細が入ります。詳細が入ります。詳細が入ります。詳細が入ります。詳細が入ります。詳細が入ります。詳細が入ります。<br />
<br />
詳細が入ります。詳細が入ります。詳細が入ります。詳細が入ります。詳細が入ります。詳細が入ります。詳細が入ります。詳細が入ります。詳細が入ります。</p>","1","1","1","2016-05-13 16:21:27","","","","","","","2015-09-30 01:21:41","2016-05-13 16:21:27"
"2","1","2","最新情報が入ります。最新情報が入ります。最新情報が入ります。","<p>新商品を販売を開始しました。新商品を販売を開始しました。新商品を販売を開始しました。新商品を販売を開始しました。<br />
<br />
新商品を販売を開始しました。新商品を販売を開始しました。新商品を販売を開始しました。新商品を販売を開始しました。</p>","<p>詳細が入ります。詳細が入ります。詳細が入ります。詳細が入ります。詳細が入ります。詳細が入ります。詳細が入ります。<br />
<br />
詳細が入ります。詳細が入ります。詳細が入ります。詳細が入ります。詳細が入ります。詳細が入ります。詳細が入ります。<br />
<br />
詳細が入ります。詳細が入ります。詳細が入ります。詳細が入ります。詳細が入ります。詳細が入ります。詳細が入ります。<br />
&nbsp;</p>","1","1","1","2016-05-13 16:21:27","","","","","","","2015-09-30 01:21:41","2016-05-13 16:21:27"
"3","1","3","最新情報が入ります。最新情報が入ります。最新情報が入ります。","<p>新商品を販売を開始しました。新商品を販売を開始しました。新商品を販売を開始しました。新商品を販売を開始しました。<br />
<br />
新商品を販売を開始しました。新商品を販売を開始しました。新商品を販売を開始しました。新商品を販売を開始しました。</p>","<p>詳細が入ります。詳細が入ります。詳細が入ります。詳細が入ります。詳細が入ります。詳細が入ります。詳細が入ります。<br />
<br />
詳細が入ります。詳細が入ります。詳細が入ります。詳細が入ります。詳細が入ります。詳細が入ります。詳細が入ります。<br />
<br />
詳細が入ります。詳細が入ります。詳細が入ります。詳細が入ります。詳細が入ります。詳細が入ります。詳細が入ります。<br />
&nbsp;</p>","","1","1","2016-05-13 16:21:27","","","","","","","2015-09-30 02:51:44","2016-05-13 16:21:27"
"4","1","4","最新情報が入ります。最新情報が入ります。最新情報が入ります。","<p>新商品を販売を開始しました。新商品を販売を開始しました。新商品を販売を開始しました。新商品を販売を開始しました。<br />
<br />
新商品を販売を開始しました。新商品を販売を開始しました。新商品を販売を開始しました。新商品を販売を開始しました。</p>","<p>詳細が入ります。詳細が入ります。詳細が入ります。詳細が入ります。詳細が入ります。詳細が入ります。詳細が入ります。<br />
<br />
詳細が入ります。詳細が入ります。詳細が入ります。詳細が入ります。詳細が入ります。詳細が入ります。詳細が入ります。<br />
<br />
詳細が入ります。詳細が入ります。詳細が入ります。詳細が入ります。詳細が入ります。詳細が入ります。詳細が入ります。<br />
&nbsp;</p>","","1","1","2016-05-13 16:21:27","","","","","","","2015-09-30 02:51:45","2016-05-13 16:21:27"
"5","2","1","サービスや実績を効果的にアピール","","<p>詳細が入ります。詳細が入ります。詳細が入ります。詳細が入ります。詳細が入ります。詳細が入ります。詳細が入ります。詳細が入ります。詳細が入ります。詳細が入ります。詳細が入ります。詳細が入ります。詳細が入ります。詳細が入ります。詳細が入ります。詳細が入ります。詳細が入ります。詳細が入ります。詳細が入ります。詳細が入ります。</p>

<p>詳細が入ります。詳細が入ります。詳細が入ります。詳細が入ります。詳細が入ります。詳細が入ります。詳細が入ります。詳細が入ります。詳細が入ります。詳細が入ります。詳細が入ります。詳細が入ります。詳細が入ります。詳細が入ります。詳細が入ります。詳細が入ります。詳細が入ります。詳細が入ります。詳細が入ります。詳細が入ります。</p>","","1","1","2016-05-13 16:21:27","","","","","","2015/09/00000001_eye_catch.png","2015-09-30 03:51:00","2016-05-13 16:21:27"
"6","2","2","サービスや実績を効果的にアピール","","<p>詳細が入ります。詳細が入ります。詳細が入ります。詳細が入ります。詳細が入ります。詳細が入ります。詳細が入ります。詳細が入ります。詳細が入ります。詳細が入ります。詳細が入ります。詳細が入ります。詳細が入ります。詳細が入ります。詳細が入ります。詳細が入ります。詳細が入ります。詳細が入ります。詳細が入ります。詳細が入ります。</p>

<p>詳細が入ります。詳細が入ります。詳細が入ります。詳細が入ります。詳細が入ります。詳細が入ります。詳細が入ります。詳細が入ります。詳細が入ります。詳細が入ります。詳細が入ります。詳細が入ります。詳細が入ります。詳細が入ります。詳細が入ります。詳細が入ります。詳細が入ります。詳細が入ります。詳細が入ります。詳細が入ります。</p>","","1","1","2016-05-13 16:21:27","","","","","","2015/09/00000002_eye_catch.png","2015-09-30 03:52:31","2016-05-13 16:21:27"
"7","2","3","サービスや実績を効果的にアピール","","<p>詳細が入ります。詳細が入ります。詳細が入ります。詳細が入ります。詳細が入ります。詳細が入ります。詳細が入ります。詳細が入ります。詳細が入ります。詳細が入ります。詳細が入ります。詳細が入ります。詳細が入ります。詳細が入ります。詳細が入ります。詳細が入ります。詳細が入ります。詳細が入ります。詳細が入ります。詳細が入ります。</p>

<p>詳細が入ります。詳細が入ります。詳細が入ります。詳細が入ります。詳細が入ります。詳細が入ります。詳細が入ります。詳細が入ります。詳細が入ります。詳細が入ります。詳細が入ります。詳細が入ります。詳細が入ります。詳細が入ります。詳細が入ります。詳細が入ります。詳細が入ります。詳細が入ります。詳細が入ります。詳細が入ります。</p>","","1","1","2016-05-13 16:21:27","","","","","","2015/09/00000003_eye_catch.png","2015-09-30 03:52:43","2016-05-13 16:21:27"
"8","2","4","サービスや実績を効果的にアピール","","<p>詳細が入ります。詳細が入ります。詳細が入ります。詳細が入ります。詳細が入ります。詳細が入ります。詳細が入ります。詳細が入ります。詳細が入ります。詳細が入ります。詳細が入ります。詳細が入ります。詳細が入ります。詳細が入ります。詳細が入ります。詳細が入ります。詳細が入ります。詳細が入ります。詳細が入ります。詳細が入ります。</p>

<p>詳細が入ります。詳細が入ります。詳細が入ります。詳細が入ります。詳細が入ります。詳細が入ります。詳細が入ります。詳細が入ります。詳細が入ります。詳細が入ります。詳細が入ります。詳細が入ります。詳細が入ります。詳細が入ります。詳細が入ります。詳細が入ります。詳細が入ります。詳細が入ります。詳細が入ります。詳細が入ります。</p>","3","1","1","2016-05-13 16:21:27","","","","","","2015/09/00000004_eye_catch.png","2015-09-30 03:52:55","2016-05-13 16:21:27"
"9","3","1","ブログタイトル","","<p>記事が入ります。記事が入ります。記事が入ります。記事が入ります。記事が入ります。記事が入ります。記事が入ります。記事が入ります。記事が入ります。記事が入ります。記事が入ります。記事が入ります。記事が入ります。記事が入ります。記事が入ります。記事が入ります。記事が入ります。記事が入ります。記事が入ります。記事が入ります。記事が入ります。記事が入ります。記事が入ります。記事が入ります。</p>

<p>記事が入ります。記事が入ります。記事が入ります。記事が入ります。記事が入ります。記事が入ります。記事が入ります。記事が入ります。記事が入ります。記事が入ります。記事が入ります。記事が入ります。記事が入ります。記事が入ります。記事が入ります。</p>","","1","1","2016-05-13 16:21:27","","","","","","2015/09/00000001_eye_catch.png","2015-09-30 03:56:09","2016-05-13 16:21:27"
"10","3","2","ブログタイトル","","<p>記事が入ります。記事が入ります。記事が入ります。記事が入ります。記事が入ります。記事が入ります。記事が入ります。記事が入ります。記事が入ります。記事が入ります。記事が入ります。記事が入ります。記事が入ります。記事が入ります。記事が入ります。記事が入ります。記事が入ります。記事が入ります。記事が入ります。記事が入ります。記事が入ります。記事が入ります。記事が入ります。記事が入ります。</p>

<p>記事が入ります。記事が入ります。記事が入ります。記事が入ります。記事が入ります。記事が入ります。記事が入ります。記事が入ります。記事が入ります。記事が入ります。記事が入ります。記事が入ります。記事が入ります。記事が入ります。記事が入ります。</p>","","1","1","2016-05-13 16:21:27","","","","","","2015/09/00000002_eye_catch.png","2015-09-30 03:56:18","2016-05-13 16:21:27"
"11","3","3","ブログタイトル","","<p>記事が入ります。記事が入ります。記事が入ります。記事が入ります。記事が入ります。記事が入ります。記事が入ります。記事が入ります。記事が入ります。記事が入ります。記事が入ります。記事が入ります。記事が入ります。記事が入ります。記事が入ります。記事が入ります。記事が入ります。記事が入ります。記事が入ります。記事が入ります。記事が入ります。記事が入ります。記事が入ります。記事が入ります。</p>

<p>記事が入ります。記事が入ります。記事が入ります。記事が入ります。記事が入ります。記事が入ります。記事が入ります。記事が入ります。記事が入ります。記事が入ります。記事が入ります。記事が入ります。記事が入ります。記事が入ります。記事が入ります。</p>","2","1","1","2016-05-13 16:21:27","","","","","","2015/09/00000003_eye_catch.png","2015-09-30 03:56:19","2016-05-13 16:21:27"
"12","3","4","ブログタイトル","","<p>記事が入ります。記事が入ります。記事が入ります。記事が入ります。記事が入ります。記事が入ります。記事が入ります。記事が入ります。記事が入ります。記事が入ります。記事が入ります。記事が入ります。記事が入ります。記事が入ります。記事が入ります。記事が入ります。記事が入ります。記事が入ります。記事が入ります。記事が入ります。記事が入ります。記事が入ります。記事が入ります。記事が入ります。</p>

<p>記事が入ります。記事が入ります。記事が入ります。記事が入ります。記事が入ります。記事が入ります。記事が入ります。記事が入ります。記事が入ります。記事が入ります。記事が入ります。記事が入ります。記事が入ります。記事が入ります。記事が入ります。</p>","","1","1","2016-05-13 16:21:27","","","","","","2015/09/00000004_eye_catch.png","2015-09-30 03:56:20","2016-05-13 16:21:27"
"13","3","5","ブログタイトル","","<p>記事が入ります。記事が入ります。記事が入ります。記事が入ります。記事が入ります。記事が入ります。記事が入ります。記事が入ります。記事が入ります。記事が入ります。記事が入ります。記事が入ります。記事が入ります。記事が入ります。記事が入ります。記事が入ります。記事が入ります。記事が入ります。記事が入ります。記事が入ります。記事が入ります。記事が入ります。記事が入ります。記事が入ります。</p>

<p>記事が入ります。記事が入ります。記事が入ります。記事が入ります。記事が入ります。記事が入ります。記事が入ります。記事が入ります。記事が入ります。記事が入ります。記事が入ります。記事が入ります。記事が入ります。記事が入ります。記事が入ります。</p>","2","1","1","2016-05-13 16:21:27","","","","","","2015/09/00000005_eye_catch.png","2015-09-30 03:56:21","2016-05-13 16:21:27"
"14","2","5","サービスや実績を効果的にアピール","","<p>詳細が入ります。詳細が入ります。詳細が入ります。詳細が入ります。詳細が入ります。</p>","3","1","1","2016-05-13 16:21:27","","","","","","","2015-09-30 14:40:21","2016-05-13 16:21:27"
