id,blog_content_id,no,name,title,content,detail,blog_category_id,user_id,status,posted,content_draft,detail_draft,publish_begin,publish_end,exclude_search,eye_catch,created,modified
1,1,1,,最新情報が入ります。最新情報が入ります。最新情報が入ります。,"<p>本文が入ります。本文が入ります。本文が入ります。本文が入ります。本文が入ります。本文が入ります。本文が入ります。本文が入ります。本文が入ります。<br />
<br />
本文が入ります。本文が入ります。本文が入ります。本文が入ります。本文が入ります。本文が入ります。本文が入ります。本文が入ります。本文が入ります。<br />
&nbsp;</p>","<p>詳細が入ります。詳細が入ります。詳細が入ります。詳細が入ります。詳細が入ります。詳細が入ります。詳細が入ります。詳細が入ります。詳細が入ります。<br />
<br />
詳細が入ります。詳細が入ります。詳細が入ります。詳細が入ります。詳細が入ります。詳細が入ります。詳細が入ります。詳細が入ります。詳細が入ります。</p>",1,1,1,,,,,,,,,
2,1,2,,最新情報が入ります。最新情報が入ります。最新情報が入ります。,"<p>新商品を販売を開始しました。新商品を販売を開始しました。新商品を販売を開始しました。新商品を販売を開始しました。<br />
<br />
新商品を販売を開始しました。新商品を販売を開始しました。新商品を販売を開始しました。新商品を販売を開始しました。</p>","<p>詳細が入ります。詳細が入ります。詳細が入ります。詳細が入ります。詳細が入ります。詳細が入ります。詳細が入ります。<br />
<br />
詳細が入ります。詳細が入ります。詳細が入ります。詳細が入ります。詳細が入ります。詳細が入ります。詳細が入ります。<br />
<br />
詳細が入ります。詳細が入ります。詳細が入ります。詳細が入ります。詳細が入ります。詳細が入ります。詳細が入ります。<br />
&nbsp;</p>",1,1,1,,,,,,,,,
3,1,3,,最新情報が入ります。最新情報が入ります。最新情報が入ります。,"<p>新商品を販売を開始しました。新商品を販売を開始しました。新商品を販売を開始しました。新商品を販売を開始しました。<br />
<br />
新商品を販売を開始しました。新商品を販売を開始しました。新商品を販売を開始しました。新商品を販売を開始しました。</p>","<p>詳細が入ります。詳細が入ります。詳細が入ります。詳細が入ります。詳細が入ります。詳細が入ります。詳細が入ります。<br />
<br />
詳細が入ります。詳細が入ります。詳細が入ります。詳細が入ります。詳細が入ります。詳細が入ります。詳細が入ります。<br />
<br />
詳細が入ります。詳細が入ります。詳細が入ります。詳細が入ります。詳細が入ります。詳細が入ります。詳細が入ります。<br />
&nbsp;</p>",,1,1,,,,,,,,,
4,1,4,,最新情報が入ります。最新情報が入ります。最新情報が入ります。,"<p>新商品を販売を開始しました。新商品を販売を開始しました。新商品を販売を開始しました。新商品を販売を開始しました。<br />
<br />
新商品を販売を開始しました。新商品を販売を開始しました。新商品を販売を開始しました。新商品を販売を開始しました。</p>","<p>詳細が入ります。詳細が入ります。詳細が入ります。詳細が入ります。詳細が入ります。詳細が入ります。詳細が入ります。<br />
<br />
詳細が入ります。詳細が入ります。詳細が入ります。詳細が入ります。詳細が入ります。詳細が入ります。詳細が入ります。<br />
<br />
詳細が入ります。詳細が入ります。詳細が入ります。詳細が入ります。詳細が入ります。詳細が入ります。詳細が入ります。<br />
&nbsp;</p>",,1,1,,,,,,,,,
5,2,1,,サービスや実績を効果的にアピール,,"<p>詳細が入ります。詳細が入ります。詳細が入ります。詳細が入ります。詳細が入ります。詳細が入ります。詳細が入ります。詳細が入ります。詳細が入ります。詳細が入ります。詳細が入ります。詳細が入ります。詳細が入ります。詳細が入ります。詳細が入ります。詳細が入ります。詳細が入ります。詳細が入ります。詳細が入ります。詳細が入ります。</p>

<p>詳細が入ります。詳細が入ります。詳細が入ります。詳細が入ります。詳細が入ります。詳細が入ります。詳細が入ります。詳細が入ります。詳細が入ります。詳細が入ります。詳細が入ります。詳細が入ります。詳細が入ります。詳細が入ります。詳細が入ります。詳細が入ります。詳細が入ります。詳細が入ります。詳細が入ります。詳細が入ります。</p>",,1,1,,,,,,,2015/09/00000001_eye_catch.png,,
6,2,2,,サービスや実績を効果的にアピール,,"<p>詳細が入ります。詳細が入ります。詳細が入ります。詳細が入ります。詳細が入ります。詳細が入ります。詳細が入ります。詳細が入ります。詳細が入ります。詳細が入ります。詳細が入ります。詳細が入ります。詳細が入ります。詳細が入ります。詳細が入ります。詳細が入ります。詳細が入ります。詳細が入ります。詳細が入ります。詳細が入ります。</p>

<p>詳細が入ります。詳細が入ります。詳細が入ります。詳細が入ります。詳細が入ります。詳細が入ります。詳細が入ります。詳細が入ります。詳細が入ります。詳細が入ります。詳細が入ります。詳細が入ります。詳細が入ります。詳細が入ります。詳細が入ります。詳細が入ります。詳細が入ります。詳細が入ります。詳細が入ります。詳細が入ります。</p>",,1,1,,,,,,,2015/09/00000002_eye_catch.png,,
7,2,3,,サービスや実績を効果的にアピール,,"<p>詳細が入ります。詳細が入ります。詳細が入ります。詳細が入ります。詳細が入ります。詳細が入ります。詳細が入ります。詳細が入ります。詳細が入ります。詳細が入ります。詳細が入ります。詳細が入ります。詳細が入ります。詳細が入ります。詳細が入ります。詳細が入ります。詳細が入ります。詳細が入ります。詳細が入ります。詳細が入ります。</p>

<p>詳細が入ります。詳細が入ります。詳細が入ります。詳細が入ります。詳細が入ります。詳細が入ります。詳細が入ります。詳細が入ります。詳細が入ります。詳細が入ります。詳細が入ります。詳細が入ります。詳細が入ります。詳細が入ります。詳細が入ります。詳細が入ります。詳細が入ります。詳細が入ります。詳細が入ります。詳細が入ります。</p>",,1,1,,,,,,,2015/09/00000003_eye_catch.png,,
8,2,4,,サービスや実績を効果的にアピール,,"<p>詳細が入ります。詳細が入ります。詳細が入ります。詳細が入ります。詳細が入ります。詳細が入ります。詳細が入ります。詳細が入ります。詳細が入ります。詳細が入ります。詳細が入ります。詳細が入ります。詳細が入ります。詳細が入ります。詳細が入ります。詳細が入ります。詳細が入ります。詳細が入ります。詳細が入ります。詳細が入ります。</p>

<p>詳細が入ります。詳細が入ります。詳細が入ります。詳細が入ります。詳細が入ります。詳細が入ります。詳細が入ります。詳細が入ります。詳細が入ります。詳細が入ります。詳細が入ります。詳細が入ります。詳細が入ります。詳細が入ります。詳細が入ります。詳細が入ります。詳細が入ります。詳細が入ります。詳細が入ります。詳細が入ります。</p>",3,1,1,,,,,,,2015/09/00000004_eye_catch.png,,
9,3,1,,ブログタイトル,,"<p>記事が入ります。記事が入ります。記事が入ります。記事が入ります。記事が入ります。記事が入ります。記事が入ります。記事が入ります。記事が入ります。記事が入ります。記事が入ります。記事が入ります。記事が入ります。記事が入ります。記事が入ります。記事が入ります。記事が入ります。記事が入ります。記事が入ります。記事が入ります。記事が入ります。記事が入ります。記事が入ります。記事が入ります。</p>

<p>記事が入ります。記事が入ります。記事が入ります。記事が入ります。記事が入ります。記事が入ります。記事が入ります。記事が入ります。記事が入ります。記事が入ります。記事が入ります。記事が入ります。記事が入ります。記事が入ります。記事が入ります。</p>",,1,1,,,,,,,2015/09/00000001_eye_catch.png,,
10,3,2,,ブログタイトル,,"<p>記事が入ります。記事が入ります。記事が入ります。記事が入ります。記事が入ります。記事が入ります。記事が入ります。記事が入ります。記事が入ります。記事が入ります。記事が入ります。記事が入ります。記事が入ります。記事が入ります。記事が入ります。記事が入ります。記事が入ります。記事が入ります。記事が入ります。記事が入ります。記事が入ります。記事が入ります。記事が入ります。記事が入ります。</p>

<p>記事が入ります。記事が入ります。記事が入ります。記事が入ります。記事が入ります。記事が入ります。記事が入ります。記事が入ります。記事が入ります。記事が入ります。記事が入ります。記事が入ります。記事が入ります。記事が入ります。記事が入ります。</p>",,1,1,,,,,,,2015/09/00000002_eye_catch.png,,
11,3,3,,ブログタイトル,,"<p>記事が入ります。記事が入ります。記事が入ります。記事が入ります。記事が入ります。記事が入ります。記事が入ります。記事が入ります。記事が入ります。記事が入ります。記事が入ります。記事が入ります。記事が入ります。記事が入ります。記事が入ります。記事が入ります。記事が入ります。記事が入ります。記事が入ります。記事が入ります。記事が入ります。記事が入ります。記事が入ります。記事が入ります。</p>

<p>記事が入ります。記事が入ります。記事が入ります。記事が入ります。記事が入ります。記事が入ります。記事が入ります。記事が入ります。記事が入ります。記事が入ります。記事が入ります。記事が入ります。記事が入ります。記事が入ります。記事が入ります。</p>",2,1,1,,,,,,,2015/09/00000003_eye_catch.png,,
12,3,4,,ブログタイトル,,"<p>記事が入ります。記事が入ります。記事が入ります。記事が入ります。記事が入ります。記事が入ります。記事が入ります。記事が入ります。記事が入ります。記事が入ります。記事が入ります。記事が入ります。記事が入ります。記事が入ります。記事が入ります。記事が入ります。記事が入ります。記事が入ります。記事が入ります。記事が入ります。記事が入ります。記事が入ります。記事が入ります。記事が入ります。</p>

<p>記事が入ります。記事が入ります。記事が入ります。記事が入ります。記事が入ります。記事が入ります。記事が入ります。記事が入ります。記事が入ります。記事が入ります。記事が入ります。記事が入ります。記事が入ります。記事が入ります。記事が入ります。</p>",,1,1,,,,,,,2015/09/00000004_eye_catch.png,,
13,3,5,,ブログタイトル,,"<p>記事が入ります。記事が入ります。記事が入ります。記事が入ります。記事が入ります。記事が入ります。記事が入ります。記事が入ります。記事が入ります。記事が入ります。記事が入ります。記事が入ります。記事が入ります。記事が入ります。記事が入ります。記事が入ります。記事が入ります。記事が入ります。記事が入ります。記事が入ります。記事が入ります。記事が入ります。記事が入ります。記事が入ります。</p>

<p>記事が入ります。記事が入ります。記事が入ります。記事が入ります。記事が入ります。記事が入ります。記事が入ります。記事が入ります。記事が入ります。記事が入ります。記事が入ります。記事が入ります。記事が入ります。記事が入ります。記事が入ります。</p>",2,1,1,,,,,,,2015/09/00000005_eye_catch.png,,
14,2,5,,サービスや実績を効果的にアピール,,<p>詳細が入ります。詳細が入ります。詳細が入ります。詳細が入ります。詳細が入ります。</p>,3,1,1,,,,,,,,,
